{
    "carName": "porsche_992_gt3_r",
    "basicSetup": {
        "tyres": {
            "tyreCompound": 0,
            "tyrePressure": [
                45,
                49,
                37,
                39
            ]
        },
        "alignment": {
            "camber": [
                0,
                0,
                0,
                0
            ],
            "toe": [
                22,
                22,
                50,
                50
            ],
            "staticCamber": [
                -4.601491451263428,
                -4.599136829376221,
                0.606870174407959,
                0.6084118485450745
            ],
            "toeOutLinear": [
                0.00039714580634608865,
                0.00039715151069685817,
                -0.007205563131719828,
                -0.007205577567219734
            ],
            "casterLF": 30,
            "casterRF": 30,
            "steerRatio": 5
        },
        "electronics": {
            "tC1": 3,
            "tC2": 0,
            "abs": 3,
            "eCUMap": 7,
            "fuelMix": 0,
            "telemetryLaps": 0
        },
        "strategy": {
            "fuel": 18,
            "nPitStops": 0,
            "tyreSet": 0,
            "frontBrakePadCompound": 0,
            "rearBrakePadCompound": 0,
            "pitStrategy": [
                {
                    "fuelToAdd": 0,
                    "tyres": {
                        "tyreCompound": 0,
                        "tyrePressure": [
                            46,
                            50,
                            37,
                            39
                        ]
                    },
                    "tyreSet": 2,
                    "frontBrakePadCompound": 1,
                    "rearBrakePadCompound": 1
                }
            ],
            "fuelPerLap": 2.9000000953674316
        }
    },
    "advancedSetup": {
        "mechanicalBalance": {
            "aRBFront": 5,
            "aRBRear": 3,
            "wheelRate": [
                4,
                4,
                3,
                3
            ],
            "bumpStopRateUp": [
                7,
                7,
                5,
                5
            ],
            "bumpStopRateDn": [
                0,
                0,
                10,
                10
            ],
            "bumpStopWindow": [
                10,
                10,
                20,
                20
            ],
            "brakeTorque": 20,
            "brakeBias": 32
        },
        "dampers": {
            "bumpSlow": [
                10,
                10,
                10,
                10
            ],
            "bumpFast": [
                6,
                6,
                5,
                5
            ],
            "reboundSlow": [
                10,
                10,
                8,
                8
            ],
            "reboundFast": [
                8,
                8,
                7,
                7
            ]
        },
        "aeroBalance": {
            "rideHeight": [
                0,
                11,
                8,
                18
            ],
            "rodLength": [
                33.36753845214844,
                33.36753845214844,
                -68.44245910644531,
                -68.44245910644531
            ],
            "splitter": 0,
            "rearWing": 12,
            "brakeDuct": [
                3,
                3
            ]
        },
        "drivetrain": {
            "preload": 12
        }
    },
    "trackBopType": 35
}